move_number,move_san,fen,main_evaluation,main_evaluation_flipped,isolated,isolated_flipped,opposed,opposed_flipped,rank,rank_flipped,file,file_flipped,phalanx,phalanx_flipped,supported,supported_flipped,backward,backward_flipped,doubled,doubled_flipped,connected,connected_flipped,middle_game_evaluation,middle_game_evaluation_flipped,end_game_evaluation,end_game_evaluation_flipped,scale_factor,scale_factor_flipped,phase,phase_flipped,imbalance,imbalance_flipped,bishop_count,bishop_count_flipped,bishop_pair,bishop_pair_flipped,pinned_direction,pinned_direction_flipped,mobility,mobility_flipped,mobility_area,mobility_area_flipped,mobility_bonus,mobility_bonus_flipped,knight_attack,knight_attack_flipped,bishop_xray_attack,bishop_xray_attack_flipped,rook_xray_attack,rook_xray_attack_flipped,queen_attack,queen_attack_flipped,outpost,outpost_flipped,outpost_square,outpost_square_flipped,reachable_outpost,reachable_outpost_flipped,minor_behind_pawn,minor_behind_pawn_flipped,bishop_pawns,bishop_pawns_flipped,rook_on_file,rook_on_file_flipped,trapped_rook,trapped_rook_flipped,weak_queen,weak_queen_flipped,space_area,space_area_flipped,pawn_attack,pawn_attack_flipped,king_attack,king_attack_flipped,attack,attack_flipped,non_pawn_material,non_pawn_material_flipped,safe_pawn,safe_pawn_flipped,threat_safe_pawn,threat_safe_pawn_flipped,weak_enemies,weak_enemies_flipped,minor_threat,minor_threat_flipped,rook_threat,rook_threat_flipped,hanging,hanging_flipped,king_threat,king_threat_flipped,pawn_push_threat,pawn_push_threat_flipped,candidate_passed,candidate_passed_flipped,king_proximity,king_proximity_flipped,passed_block,passed_block_flipped,passed_file,passed_file_flipped,passed_rank,passed_rank_flipped,pawnless_flank,pawnless_flank_flipped,strength_square,strength_square_flipped,storm_square,storm_square_flipped,shelter_strength,shelter_strength_flipped,shelter_storm,shelter_storm_flipped,king_pawn_distance,king_pawn_distance_flipped,check_attack,check_attack_flipped,safe_check,safe_check_flipped,queen_count,queen_count_flipped,king_attackers_count,king_attackers_count_flipped,king_attackers_weight,king_attackers_weight_flipped,king_attacks,king_attacks_flipped,weak_bonus,weak_bonus_flipped,weak_squares,weak_squares_flipped,winnable,winnable_flipped,unsafe_checks,unsafe_checks_flipped,tempo,tempo_flipped,pawn_count,pawn_count_flipped,connected_bonus,connected_bonus_flipped,mobility_mg,mobility_mg_flipped,mobility_eg,mobility_eg_flipped,piece_value_bonus,piece_value_bonus_flipped,psqt_bonus,psqt_bonus_flipped,piece_value_mg,piece_value_mg_flipped,piece_value_eg,piece_value_eg_flipped,psqt_mg,psqt_mg_flipped,psqt_eg,psqt_eg_flipped,king_protector,king_protector_flipped,knight_count,knight_count_flipped,imbalance_total,imbalance_total_flipped,weak_unopposed_pawn,weak_unopposed_pawn_flipped,rook_count,rook_count_flipped,opposite_bishops,opposite_bishops_flipped,king_distance,king_distance_flipped,long_diagonal_bishop,long_diagonal_bishop_flipped,queen_attack_diagonal,queen_attack_diagonal_flipped,pinned,pinned_flipped,king_ring,king_ring_flipped,slider_on_queen,slider_on_queen_flipped,knight_on_queen,knight_on_queen_flipped,outpost_total,outpost_total_flipped,restricted,restricted_flipped,knight_defender,knight_defender_flipped,endgame_shelter,endgame_shelter_flipped,space,space_flipped,weak_lever,weak_lever_flipped,blockers_for_king,blockers_for_king_flipped,rook_on_queen_file,rook_on_queen_file_flipped,winnable_total_mg,winnable_total_mg_flipped,winnable_total_eg,winnable_total_eg_flipped,flank_attack,flank_attack_flipped,flank_defense,flank_defense_flipped,king_danger,king_danger_flipped,king_mg,king_mg_flipped,king_eg,king_eg_flipped,weak_queen_protection,weak_queen_protection_flipped,threats_mg,threats_mg_flipped,threats_eg,threats_eg_flipped,passed_leverable,passed_leverable_flipped,passed_mg,passed_mg_flipped,passed_eg,passed_eg_flipped,piece_count,piece_count_flipped,bishop_xray_pawns,bishop_xray_pawns_flipped,rook_on_king_ring,rook_on_king_ring_flipped,bishop_on_king_ring,bishop_on_king_ring_flipped,queen_infiltration,queen_infiltration_flipped,pieces_mg,pieces_mg_flipped,pieces_eg,pieces_eg_flipped,blocked,blocked_flipped,pawn_attacks_span,pawn_attacks_span_flipped,doubled_isolated,doubled_isolated_flipped,pawns_mg,pawns_mg_flipped,pawns_eg,pawns_eg_flipped,rule50,rule50_flipped
1,d4,rnbqkbnr/pppppppp/8/8/3P4/8/PPP1PPPP/RNBQKBNR b KQkq - 0 1,152,-152,0,0,8,8,288,288,288,288,7,8,0,0,0,0,0,0,7,8,180,-180,200,-200,64,64,128,128,13216,13216,2,2,1438,1438,0,0,15,7,47,44,-46,-172,6,6,8,4,4,4,7,5,0,0,0,0,0,0,4,4,8,8,0,0,1,1,0,0,10,6,14,14,5,5,44,38,8302,8302,8,8,0,0,0,0,0,0,0,0,0,0,0,0,0,0,0,0,0,0,0,0,0,0,0,0,0,0,-832,-1144,1400,716,222,222,56,56,1,1,0,0,0,0,1,1,0,0,0,0,0,0,0,0,27,21,40,40,0,0,-28,28,8,8,98,112,-46,-172,-76,-244,9294,9294,13,12,9294,9294,10628,10628,13,12,-185,-181,8,8,2,2,0,0,0,0,2,2,0,0,254,254,0,0,2,2,0,0,6,7,0,0,0,0,0,0,0,1,2,2,5,5,105,63,0,0,0,0,0,0,0,0,40,-40,4,0,12,16,0,0,-134,-166,-11,-11,0,0,0,7,0,7,0,0,0,0,0,0,16,16,0,0,0,0,0,0,0,0,-65,-65,-129,-129,0,0,48,48,0,0,98,112,-21,-24,0,0
2,d5,rnbqkbnr/ppp1pppp/8/3p4/3P4/8/PPP1PPPP/RNBQKBNR w KQkq - 0 2,28,-28,0,0,8,8,288,288,288,288,7,7,0,0,0,0,0,0,7,7,0,0,0,0,64,64,128,128,13216,13216,2,2,1438,1438,0,0,14,14,44,44,-75,-75,6,6,8,8,4,4,7,7,0,0,0,0,0,0,4,4,16,16,0,0,1,1,0,0,8,8,14,14,5,5,44,44,8302,8302,8,8,0,0,0,0,0,0,0,0,0,0,0,0,0,0,0,0,0,0,0,0,0,0,0,0,0,0,-1144,-1144,1184,1184,222,222,56,56,1,1,0,0,0,0,1,1,0,0,0,0,0,0,0,0,26,26,40,40,0,0,28,-28,8,8,98,98,-75,-75,-97,-97,9294,9294,13,13,9294,9294,10628,10628,13,13,-185,-185,8,8,2,2,0,0,0,0,2,2,0,0,254,254,0,0,2,2,0,0,7,7,0,0,0,0,0,0,1,1,2,2,5,5,112,112,0,0,0,0,0,0,0,0,0,0,4,4,16,16,0,0,-134,-134,-11,-11,0,0,7,7,7,7,0,0,0,0,0,0,16,16,0,0,0,0,0,0,0,0,-89,-89,-185,-185,0,0,48,48,0,0,98,98,-21,-21,0,0
3,c4,rnbqkbnr/ppp1pppp/8/3p4/2PP4/8/PP2PPPP/RNBQKBNR b KQkq - 0 2,95,-95,0,0,8,8,288,288,288,288,8,7,0,0,0,0,0,0,8,7,123,-123,80,-80,64,64,128,128,13216,13216,2,2,1438,1438,0,0,17,14,45,43,-43,-75,6,6,8,8,4,4,9,7,0,0,0,0,0,0,3,4,16,16,0,0,1,1,0,0,11,8,14,14,5,5,46,44,8302,8302,7,8,0,0,1,1,0,0,0,0,0,1,0,0,0,0,0,0,0,0,0,0,0,0,0,0,0,0,-988,-1824,1704,1184,222,222,56,56,1,1,1,0,1,0,1,1,0,0,0,0,0,0,0,0,29,25,40,40,0,0,-28,28,8,8,132,98,-43,-75,-57,-97,9294,9294,9,13,9294,9294,10628,10628,9,13,-203,-185,8,8,2,2,0,0,0,0,2,2,0,0,254,254,0,0,4,2,0,0,7,8,0,0,0,0,0,0,2,1,2,2,5,5,154,112,0,0,0,0,0,0,0,0,40,-40,5,4,16,17,562,0,-49,-134,24,-11,1,0,28,76,14,43,0,0,0,0,0,0,16,16,0,0,0,0,0,0,0,0,-107,-89,-188,-185,0,0,48,48,0,0,132,98,-6,-21,0,0
4,dxc4,rnbqkbnr/ppp1pppp/8/8/2pP4/8/PP2PPPP/RNBQKBNR w KQkq - 0 3,-121,121,0,0,6,6,288,288,288,288,6,7,0,0,0,0,0,0,6,7,-149,149,-274,274,64,64,128,128,11832,12782,2,2,1438,1438,0,0,16,16,46,45,-43,-43,6,6,8,8,4,4,9,8,0,0,0,0,0,0,3,4,7,8,0,0,1,1,0,0,9,8,12,14,5,5,44,45,8302,8302,7,8,0,0,0,1,0,0,0,0,0,0,0,0,0,0,0,0,0,0,0,0,0,0,0,0,0,0,-484,-1824,1624,1778,222,222,56,56,1,1,1,0,1,0,1,1,0,1,0,0,0,0,0,0,25,25,28,28,0,0,28,-28,7,8,84,105,-43,-43,-61,-61,9170,9294,3,-20,9170,9294,10422,10628,3,-20,-195,-177,8,8,2,2,-59,59,0,0,2,2,0,0,254,254,0,0,4,2,0,0,7,8,0,0,0,0,0,0,2,2,2,2,5,5,81,84,0,0,0,0,0,0,0,0,-28,28,4,4,15,16,531,0,-66,-134,22,-11,0,1,14,28,14,14,0,0,0,0,0,0,15,16,1,0,0,0,0,0,0,0,-84,-65,-130,-129,0,0,48,48,0,0,84,105,-18,-23,0,0
5,Nf3,rnbqkbnr/ppp1pppp/8/8/2pP4/5N2/PP2PPPP/RNBQKB1R b KQkq - 1 3,-6,6,0,0,6,6,288,288,288,288,6,7,0,0,0,0,0,0,6,7,21,-21,-170,170,64,64,128,128,11832,12782,2,2,1438,1438,0,0,21,16,46,45,13,-43,11,6,8,8,5,4,9,8,0,0,0,0,0,0,2,4,14,8,0,0,1,1,0,0,9,8,12,14,5,5,50,45,8302,8302,7,8,0,0,0,0,0,0,0,0,0,0,0,0,0,0,0,0,0,0,0,0,0,0,0,0,0,0,-484,-1824,1624,1778,222,222,56,56,1,1,1,0,1,0,1,1,0,1,0,0,0,0,0,0,26,24,28,28,0,0,-28,28,7,8,84,105,13,-43,27,-61,9170,9294,101,-20,9170,9294,10422,10628,101,-20,-138,-177,8,8,2,2,-59,59,0,0,2,2,0,0,254,254,0,0,4,2,0,0,7,8,0,0,0,0,0,0,2,1,1,2,5,5,81,84,0,0,0,0,0,0,0,0,-28,28,6,4,15,16,594,0,-32,-134,26,-11,0,0,14,7,14,7,0,0,0,0,0,0,15,16,1,0,0,0,0,0,0,0,-123,-65,-182,-129,0,0,48,48,0,0,84,105,-18,-23,1,1
6,Nf6,rnbqkb1r/ppp1pppp/5n2/8/2pP4/5N2/PP2PPPP/RNBQKB1R w KQkq - 2 4,-94,94,0,0,6,6,288,288,288,288,6,7,0,0,0,0,0,0,6,7,-124,124,-260,260,64,64,128,128,11832,12782,2,2,1438,1438,0,0,21,21,46,45,13,13,11,11,8,8,5,5,9,8,0,0,0,0,0,0,2,3,14,16,0,0,1,1,0,0,9,8,12,14,5,5,50,51,8302,8302,7,8,0,0,0,0,0,0,0,0,0,0,0,0,0,0,0,0,0,0,0,0,0,0,0,0,0,0,-484,-1824,1624,1778,222,222,56,56,1,1,1,0,1,0,1,1,0,1,0,0,0,0,0,0,26,26,28,28,0,0,28,-28,7,8,84,105,13,13,27,27,9170,9294,101,78,9170,9294,10422,10628,101,78,-138,-120,8,8,2,2,-59,59,0,0,2,2,0,0,254,254,0,0,4,2,0,0,7,8,0,0,0,0,0,0,2,1,1,1,5,5,81,84,0,0,0,0,0,0,0,0,-28,28,6,6,16,16,534,0,-49,-118,22,-11,0,0,14,7,14,7,0,0,0,0,0,0,15,16,1,0,0,0,0,0,0,0,-123,-107,-182,-188,0,0,48,48,0,0,84,105,-18,-23,2,2
7,e3,rnbqkb1r/ppp1pppp/5n2/8/2pP4/4PN2/PP3PPP/RNBQKB1R b KQkq - 0 4,50,-50,0,0,6,6,288,288,288,288,5,7,2,0,0,0,0,0,7,7,78,-78,-135,135,64,64,128,128,11832,12782,2,2,1438,1438,0,0,22,20,46,44,31,10,11,11,7,8,5,5,10,8,0,0,0,1,0,0,2,3,14,16,0,0,1,1,0,0,10,8,12,14,5,5,50,51,8302,8302,7,7,0,0,1,0,1,0,0,0,1,0,0,0,0,0,0,0,0,0,0,0,0,0,0,0,0,0,-484,-1890,1918,1778,222,222,56,56,1,1,1,0,1,0,1,1,0,1,0,0,0,0,0,0,27,27,28,28,0,0,-28,28,7,8,144,105,31,10,56,12,9170,9294,117,78,9170,9294,10422,10628,117,78,-148,-120,8,8,2,2,-59,59,0,0,2,2,0,0,254,254,0,0,5,2,0,0,7,9,0,0,0,0,0,0,2,0,1,1,5,5,90,84,0,0,0,0,0,0,0,0,-28,28,7,6,16,17,560,0,-34,-118,24,-11,0,0,88,0,82,0,0,0,0,0,0,0,15,16,1,0,0,0,0,0,0,0,-123,-107,-182,-188,0,0,48,47,0,0,144,105,-4,-23,0,0
8,e5,rnbqkb1r/ppp2ppp/5n2/4p3/2pP4/4PN2/PP3PPP/RNBQKB1R w KQkq - 0 5,-120,120,0,0,6,6,288,288,288,288,5,6,2,0,0,0,0,0,7,6,-148,148,-226,226,64,64,128,128,11832,12782,2,2,1438,1438,0,0,20,25,44,45,10,87,11,11,7,12,5,5,10,9,0,0,0,1,0,0,2,3,14,16,0,0,1,1,0,0,9,11,12,14,5,5,50,56,8302,8302,7,6,0,0,2,0,2,0,0,0,2,0,0,0,0,1,0,0,0,0,0,0,0,0,0,0,0,0,-640,-1734,1918,2462,222,222,56,56,1,1,1,1,1,1,1,1,0,1,0,0,0,0,0,0,23,28,28,28,0,0,28,-28,7,8,144,91,10,87,34,103,9170,9294,117,102,9170,9294,10422,10628,117,102,-148,-147,8,8,2,2,-59,59,0,0,2,2,0,0,254,254,0,0,5,3,0,0,9,9,0,0,0,0,0,0,3,0,1,1,5,5,81,116,0,0,0,0,0,0,0,0,-28,28,7,9,18,17,454,497,-60,-34,17,20,0,0,169,48,157,39,0,0,0,0,0,0,15,16,1,0,0,0,0,0,0,0,-123,-107,-182,-188,0,0,48,47,0,0,144,91,-4,-20,0,0
9,Nxe5,rnbqkb1r/ppp2ppp/5n2/4N3/2pP4/4P3/PP3PPP/RNBQKB1R b KQkq - 0 5,305,-305,0,0,5,5,288,288,288,288,5,6,2,0,0,0,0,0,7,6,333,-333,184,-184,64,64,128,128,11398,11398,2,2,1438,1438,0,0,23,25,46,45,40,87,11,11,7,12,5,5,12,9,0,0,0,1,0,0,2,3,7,14,0,0,1,1,0,0,10,8,12,12,5,5,52,54,8302,8302,7,6,0,0,2,0,2,0,0,0,1,0,0,0,0,0,0,0,0,0,0,0,0,0,0,0,0,0,-640,-1890,1918,2072,222,222,56,56,1,1,1,1,1,1,1,1,1,1,81,0,2,0,1,0,24,23,16,16,0,0,-28,28,7,7,152,91,40,87,71,103,9170,9170,162,62,9170,9170,10422,10422,162,62,-101,-134,10,8,2,2,0,0,0,0,2,2,0,0,254,254,0,0,7,3,0,0,9,9,0,1,1,0,0,0,7,6,1,1,5,5,90,72,0,0,0,0,0,0,0,0,16,-16,10,7,17,17,911,455,116,-60,45,17,0,0,144,102,160,60,0,0,0,0,0,0,15,15,1,0,0,0,0,0,0,0,-118,-101,-151,-174,0,0,48,47,0,0,152,91,-4,-20,0,0
10,b5,rnbqkb1r/p1p2ppp/5n2/1p2N3/2pP4/4P3/PP3PPP/RNBQKB1R w KQkq - 0 6,8,-8,0,0,5,5,288,288,288,288,5,3,2,1,0,0,0,0,7,4,-20,20,-90,90,64,64,128,128,11398,11398,2,2,1438,1438,0,0,21,27,46,46,-11,104,11,11,7,13,5,5,12,9,0,0,1,1,0,0,2,2,7,14,0,0,1,1,0,0,9,8,12,12,5,5,52,55,8302,8302,7,7,0,0,1,0,1,0,0,0,0,0,0,0,0,0,0,0,0,0,0,0,0,0,0,0,0,0,-1336,-1890,1918,2483,222,222,56,56,1,1,0,1,0,1,1,1,1,1,81,0,2,0,1,0,22,24,16,16,0,0,28,-28,7,7,152,121,-11,104,33,133,9170,9170,162,36,9170,9170,10422,10422,162,36,-101,-130,10,8,2,2,0,0,0,0,2,2,0,0,254,254,0,0,7,3,0,0,9,9,0,1,2,0,0,0,8,7,1,1,5,5,81,72,0,0,0,0,0,0,0,0,-16,16,10,8,18,17,0,529,-86,-34,-11,22,0,0,93,109,110,67,0,0,0,0,0,0,15,15,2,0,0,0,0,0,0,0,-122,-119,-156,-177,0,0,44,47,0,0,152,121,-4,30,0,0
11,a4,rnbqkb1r/p1p2ppp/5n2/1p2N3/P1pP4/4P3/1P3PPP/RNBQKB1R b KQkq - 0 6,6,-6,0,0,5,5,288,288,288,288,3,3,2,1,1,0,0,0,5,4,34,-34,34,-34,64,64,128,128,11398,11398,2,2,1438,1438,0,0,23,27,47,46,12,104,11,11,7,13,7,5,12,9,0,0,1,4,0,0,2,2,7,14,0,0,1,1,0,0,9,8,12,12,5,5,54,55,8302,8302,7,6,0,0,2,0,1,0,0,0,1,0,0,0,0,0,0,0,0,0,0,0,0,0,0,0,0,0,-1264,-2238,2058,2483,222,222,56,56,1,1,0,1,0,1,1,1,1,1,81,0,2,0,1,0,23,24,16,16,0,0,-28,28,7,7,124,121,12,104,89,133,9170,9170,155,36,9170,9170,10422,10422,155,36,-85,-130,10,8,2,2,0,0,0,0,2,2,0,0,254,254,0,0,7,3,0,0,9,9,0,1,2,0,0,0,8,7,1,1,5,5,81,72,0,0,0,0,0,0,0,0,16,-16,10,8,18,17,0,506,-86,-40,-11,20,0,0,162,109,146,67,0,0,0,0,0,0,15,15,2,0,0,0,0,0,0,0,-122,-119,-156,-177,0,0,44,39,0,0,115,121,-22,30,0,0
12,Bb4+,rnbqk2r/p1p2ppp/5n2/1p2N3/PbpP4/4P3/1P3PPP/RNBQKB1R w KQkq - 1 7,-15,15,0,0,5,5,288,288,288,288,3,3,2,1,1,0,0,0,5,4,-44,44,-35,35,64,64,128,128,11398,11398,2,2,1438,1438,0,0,23,30,47,46,12,133,11,11,7,16,7,6,12,9,0,0,1,4,0,0,2,1,7,14,0,0,1,1,0,0,8,8,12,12,5,5,54,59,8302,8302,7,6,0,0,2,1,1,6,0,0,1,0,0,0,0,0,0,0,0,0,0,0,0,0,0,0,0,0,-1264,-2238,2058,2483,222,222,56,56,1,1,0,2,0,0,1,1,1,2,81,52,2,1,1,1,20,24,16,16,0,2,28,-28,7,7,124,121,12,133,89,174,9170,9170,155,73,9170,9170,10422,10422,155,73,-85,-94,10,11,2,2,0,0,0,0,2,2,0,0,254,254,0,0,7,3,0,0,9,9,0,1,2,0,0,0,11,8,1,1,5,5,72,72,0,0,0,0,0,0,0,0,-16,16,10,11,18,17,0,565,-86,-1,-11,24,0,1,183,130,167,74,0,0,0,0,0,0,15,15,2,0,0,0,0,0,0,0,-122,-155,-156,-207,0,0,44,39,0,0,115,121,-22,30,1,1
13,Bd2,rnbqk2r/p1p2ppp/5n2/1p2N3/PbpP4/4P3/1P1B1PPP/RN1QKB1R b KQkq - 2 7,112,-112,0,0,5,5,288,288,288,288,3,3,2,1,1,0,0,0,5,4,143,-143,111,-111,64,64,128,128,11398,11398,2,2,1438,1438,4,0,22,29,46,46,37,129,11,11,7,15,7,6,11,9,0,0,1,4,0,0,2,1,7,14,0,0,1,1,0,0,8,8,12,12,5,5,53,58,8302,8302,7,6,0,0,3,0,4,3,0,0,2,0,0,0,0,0,0,0,0,0,0,0,0,0,0,0,0,0,-1264,-2238,2058,2483,222,222,56,56,1,1,0,1,0,0,1,1,1,2,81,52,2,1,1,0,21,23,16,16,0,1,-28,28,7,7,124,121,37,129,91,162,9170,9170,167,73,9170,9170,10422,10422,167,73,-47,-94,9,11,2,2,0,0,0,0,2,2,0,0,254,254,0,0,7,3,1,0,9,9,0,1,2,0,0,0,10,7,1,1,5,5,72,72,0,0,0,1,0,0,0,0,16,-16,9,10,18,17,0,293,-94,-66,-11,7,0,0,322,186,252,123,0,0,0,0,0,0,15,15,2,0,0,0,0,0,0,0,-116,-155,-147,-207,0,0,44,39,0,0,115,121,-22,30,2,2
14,Bxd2+,rnbqk2r/p1p2ppp/5n2/1p2N3/P1pP4/4P3/1P1b1PPP/RN1QKB1R w KQkq - 0 8,-668,668,0,0,5,5,288,288,288,288,3,3,2,1,1,0,0,0,5,4,-696,696,-753,753,64,64,128,128,9618,10732,1,2,0,1438,0,0,22,28,47,46,32,116,11,11,4,13,7,6,11,9,0,0,1,4,0,0,2,1,2,14,0,0,1,1,0,0,9,8,12,12,5,5,50,56,7477,8302,7,6,0,0,3,1,4,6,0,0,2,0,1,0,0,0,0,0,0,0,0,0,0,0,0,0,0,0,-1264,-2238,2058,2483,222,222,56,56,1,1,0,0,0,0,1,1,1,2,81,52,2,0,1,1,20,26,16,16,0,0,28,-28,7,7,124,121,32,116,112,144,8345,9170,163,44,8345,9170,9507,10422,163,44,-48,-92,8,13,2,2,-159,159,0,0,2,2,0,0,254,254,0,0,7,3,0,0,9,9,0,1,2,0,0,0,10,9,1,1,5,5,68,72,0,0,0,0,0,0,0,0,-16,16,9,11,17,17,0,163,-94,-72,-11,-1,0,1,346,137,341,81,0,0,0,0,0,0,14,15,2,1,0,0,0,0,0,0,-95,-171,-103,-230,0,0,44,39,0,0,115,121,-22,30,0,0
15,Nxd2,rnbqk2r/p1p2ppp/5n2/1p2N3/P1pP4/4P3/1P1N1PPP/R2QKB1R b KQkq - 0 8,238,-238,0,0,5,5,288,288,288,288,3,3,2,1,1,0,0,0,5,4,266,-266,267,-267,64,64,124,124,9011,9011,1,1,0,0,0,0,25,24,47,46,54,78,14,11,4,7,10,6,12,9,0,0,1,4,0,0,1,1,2,8,0,0,1,1,0,0,9,8,12,12,5,5,57,50,7477,7477,7,6,0,0,2,0,1,0,0,0,1,0,0,0,0,0,0,0,0,0,0,0,0,0,0,0,0,0,-1264,-2238,2058,2483,222,222,56,56,1,1,0,0,0,0,1,1,1,1,81,0,2,0,1,0,25,20,16,16,0,0,-28,28,7,7,124,121,54,78,182,120,8345,8345,240,44,8345,8345,9507,9507,240,44,25,-93,6,7,2,2,0,0,0,0,2,2,0,0,254,254,0,0,7,3,0,0,9,9,0,1,2,0,0,0,7,7,1,1,5,5,68,60,0,0,0,0,0,0,0,0,16,-16,10,7,17,18,162,0,-80,-110,-1,-11,0,0,155,109,139,67,0,0,0,0,0,0,14,14,2,0,0,0,0,0,0,0,-97,-113,-88,-129,0,0,44,39,0,0,115,121,-22,30,0,0
16,c6,rnbqk2r/p4ppp/2p2n2/1p2N3/P1pP4/4P3/1P1N1PPP/R2QKB1R w KQkq - 0 9,214,-214,0,0,5,5,288,288,288,288,3,3,2,2,1,1,0,0,5,5,182,-182,319,-319,64,64,124,124,9011,9011,1,1,0,0,0,0,25,26,46,46,54,100,14,11,4,7,10,6,12,11,0,0,2,4,0,0,1,0,2,10,0,0,1,1,0,0,9,9,12,12,5,5,57,52,7477,7477,7,7,0,0,2,0,2,0,0,0,0,0,0,0,0,0,0,0,0,0,0,0,0,0,0,0,0,0,-1716,-2238,2058,2451,222,222,56,56,1,1,0,0,0,0,1,1,1,1,81,0,2,0,1,0,24,21,16,16,0,0,28,-28,7,7,124,154,54,100,182,142,8345,8345,240,45,8345,8345,9507,9507,240,45,25,-113,6,7,2,2,0,0,0,1,2,2,0,0,254,254,0,0,7,5,0,0,9,9,0,1,2,0,0,0,7,7,1,1,5,5,68,68,0,0,0,0,0,0,0,0,16,-16,10,7,17,18,140,0,-82,-110,-3,-11,0,0,91,109,135,67,0,0,0,0,0,0,14,14,2,0,0,0,0,0,0,0,-97,-137,-88,-146,0,0,42,39,0,0,115,132,-22,-13,0,0
17,axb5,rnbqk2r/p4ppp/2p2n2/1P2N3/2pP4/4P3/1P1N1PPP/R2QKB1R b KQkq - 0 9,697,-697,2,3,3,3,288,288,288,288,3,3,2,0,2,3,0,0,5,3,721,-721,874,-874,64,64,124,124,8642,7883,1,1,0,0,0,0,33,24,48,46,157,55,14,11,4,7,13,6,12,11,0,0,4,3,2,0,1,0,2,8,1,0,1,1,0,0,10,9,13,10,5,5,61,50,7477,7477,6,5,0,0,4,1,3,0,1,0,1,1,0,0,0,0,0,0,0,0,0,0,0,0,0,0,0,0,-1608,-2238,2708,2586,222,222,56,56,1,1,0,0,0,0,1,1,1,1,81,0,2,0,1,0,27,19,4,4,0,0,-28,28,7,6,124,42,157,55,278,105,8345,8221,244,68,8345,8221,9507,9301,244,68,24,-111,6,7,2,2,47,-47,2,3,2,2,0,0,254,254,0,0,7,5,0,0,9,9,0,1,2,0,1,0,10,8,1,1,5,5,75,56,0,0,0,0,0,0,0,0,4,-4,11,6,16,18,300,0,-57,-118,7,-11,0,0,189,185,270,110,0,0,0,0,0,0,14,13,1,0,0,0,0,0,0,0,-43,-131,-54,-132,0,0,29,36,0,0,88,-12,-82,-135,0,0
18,cxb5,rnbqk2r/p4ppp/5n2/1p2N3/2pP4/4P3/1P1N1PPP/R2QKB1R w KQkq - 0 10,258,-258,1,0,4,4,288,288,288,288,3,3,2,1,1,0,0,0,5,4,227,-227,328,-328,64,64,124,124,7514,7514,1,1,0,0,0,0,28,27,48,48,82,108,14,11,4,7,13,6,12,11,0,0,2,4,0,0,1,0,1,8,1,0,1,1,0,0,9,10,11,10,5,5,59,50,7477,7477,6,6,0,0,2,0,1,0,1,0,0,0,0,0,0,0,1,0,2,0,10,0,3,0,3,0,0,0,-1680,-2238,2408,2579,222,222,56,56,1,1,0,0,0,0,1,1,1,1,81,0,2,0,1,0,25,18,1,1,0,0,28,-28,6,6,124,121,82,108,233,157,8221,8221,244,34,8221,8221,9301,9301,244,34,19,-103,6,7,2,2,0,0,0,0,2,2,0,0,254,254,0,0,7,5,0,0,9,9,0,1,2,0,0,0,9,10,1,1,5,5,56,62,0,0,0,0,0,0,0,0,1,-1,10,7,17,18,160,0,-80,-110,-1,-11,0,0,103,130,163,88,1,0,-8,0,29,0,13,13,2,0,0,0,0,0,0,0,-75,-131,-74,-132,0,0,41,35,0,0,119,121,-13,30,0,0
19,Qf3,rnbqk2r/p4ppp/5n2/1p2N3/2pP4/4PQ2/1P1N1PPP/R3KB1R b KQkq - 1 10,328,-328,1,0,4,4,288,288,288,288,3,3,2,1,1,0,0,0,5,4,360,-360,387,-387,64,64,124,124,7514,7514,1,1,0,0,0,0,31,27,48,48,87,108,14,11,4,7,13,6,17,11,0,0,2,4,0,0,1,0,2,8,1,0,1,1,0,0,9,10,11,10,5,5,64,50,7477,7477,6,6,0,0,3,0,1,0,1,0,1,0,0,0,0,0,1,0,2,0,10,0,3,0,3,0,0,0,-1680,-2238,2408,2579,222,222,56,56,1,1,1,0,0,0,1,1,2,1,91,0,2,0,1,0,24,18,1,1,0,0,-28,28,6,6,124,121,87,108,250,157,8221,8221,253,34,8221,8221,9301,9301,253,34,36,-103,6,7,2,2,0,0,0,0,2,2,0,0,254,254,0,0,10,5,0,0,9,9,0,1,2,0,0,0,11,14,1,1,5,5,56,62,0,0,0,0,0,0,0,0,1,-1,16,7,17,19,325,0,-13,-110,9,-11,0,0,186,158,213,116,1,0,-8,0,29,0,13,13,2,0,0,0,0,0,0,0,-78,-131,-81,-132,0,0,41,35,0,0,119,121,-13,30,1,1
20,Qd5,rnb1k2r/p4ppp/5n2/1p1qN3/2pP4/4PQ2/1P1N1PPP/R3KB1R w KQkq - 2 11,235,-235,1,0,4,4,288,288,288,288,3,3,2,1,1,0,0,0,5,4,212,-212,224,-224,64,64,124,124,7514,7514,1,1,0,0,0,0,28,27,47,48,85,110,14,11,4,7,13,6,14,15,0,0,2,4,0,0,1,0,3,8,1,0,1,1,0,0,9,10,11,10,5,5,61,54,7477,7477,6,6,0,0,2,0,0,0,1,0,0,0,0,0,1,0,1,0,2,0,0,0,3,0,3,0,0,0,-1680,-2238,2408,2579,222,222,56,56,1,1,0,0,0,0,1,1,2,2,91,10,2,0,0,0,22,18,1,1,0,0,28,-28,6,6,124,121,85,110,219,151,8221,8221,253,38,8221,8221,9301,9301,253,38,36,-53,6,7,2,2,0,0,0,0,2,2,0,0,254,254,0,0,7,8,0,0,9,9,0,1,0,0,0,0,11,15,1,1,5,5,56,62,0,0,0,0,0,0,0,0,1,-1,15,11,17,19,124,0,-43,-78,-4,-11,0,0,128,165,162,123,1,0,-18,0,19,0,13,13,2,0,0,0,0,0,0,0,-81,-131,-88,-132,0,0,41,35,0,0,119,121,-13,30,2,2
21,Qg3,rnb1k2r/p4ppp/5n2/1p1qN3/2pP4/4P1Q1/1P1N1PPP/R3KB1R b KQkq - 3 11,238,-238,1,0,4,4,288,288,288,288,3,3,2,1,1,0,0,0,5,4,275,-275,259,-259,64,64,124,124,7514,7514,1,1,0,0,0,0,28,28,47,48,76,111,14,11,4,7,13,6,13,16,0,0,2,4,0,0,1,0,2,8,1,0,1,1,0,0,9,10,11,10,5,5,60,55,7477,7477,6,5,0,0,2,0,0,0,1,0,1,0,0,0,1,0,1,0,2,0,0,0,3,0,3,0,0,0,-1680,-2238,2408,2579,222,222,56,56,1,1,1,0,0,0,1,1,1,2,81,10,2,0,0,0,25,18,1,1,0,0,-28,28,6,6,124,121,76,111,228,155,8221,8221,246,38,8221,8221,9301,9301,246,38,27,-53,6,7,2,2,0,0,0,0,2,2,0,0,254,254,0,0,5,9,0,0,9,9,0,0,0,2,0,0,8,11,1,1,5,5,56,62,0,0,0,0,0,0,0,0,1,-1,12,11,17,17,0,0,-70,-78,-11,-11,0,0,176,109,177,99,1,0,-18,0,19,0,13,13,2,0,0,0,0,0,0,0,-78,-131,-81,-132,0,0,41,35,0,0,119,121,-13,30,3,3
22,O-O,rnb2rk1/p4ppp/5n2/1p1qN3/2pP4/4P1Q1/1P1N1PPP/R3KB1R w KQ - 4 12,105,-105,1,0,4,4,288,288,288,288,3,3,2,1,1,0,0,0,5,4,75,-75,303,-303,64,64,124,124,7514,7514,1,1,0,0,0,3,28,29,47,48,76,112,14,11,4,7,13,7,13,16,0,0,2,4,0,0,1,0,2,8,1,0,1,0,0,0,9,10,11,10,5,5,60,56,7477,7477,6,6,0,0,2,0,0,0,1,0,0,0,0,0,1,0,1,0,2,0,0,0,3,0,3,0,0,0,-1680,-2238,2408,2579,222,222,56,56,1,1,1,0,0,0,1,1,2,2,91,10,2,0,1,0,25,20,19,19,0,0,28,-28,6,6,124,121,76,112,228,171,8221,8221,246,184,8221,8221,9301,9301,246,184,27,-85,6,11,2,2,0,0,0,0,2,2,0,0,254,281,0,0,5,9,0,1,8,9,0,0,0,2,0,0,9,12,1,1,5,5,56,62,0,0,1,0,0,0,0,0,19,-19,13,11,16,17,379,0,-27,-78,12,-11,0,0,114,116,148,106,1,0,-18,0,19,0,13,13,2,0,1,1,0,0,0,0,-62,-88,-81,-155,0,0,41,35,0,0,119,121,-13,30,4,4
23,Be2,rnb2rk1/p4ppp/5n2/1p1qN3/2pP4/4P1Q1/1P1NBPPP/R3K2R b KQ - 5 12,189,-189,1,0,4,4,288,288,288,288,3,3,2,1,1,0,0,0,5,4,221,-221,422,-422,64,64,124,124,7514,7514,1,1,0,0,0,3,32,29,47,48,147,112,14,11,7,7,14,7,13,16,0,0,2,4,0,0,1,0,2,8,1,0,1,0,0,0,9,10,11,10,5,5,64,56,7477,7477,6,6,0,0,2,1,0,0,1,0,0,0,0,0,1,0,1,0,2,0,0,0,3,0,3,0,0,0,-1680,-2238,2408,2579,222,222,56,56,1,1,1,0,0,0,1,1,2,2,91,10,2,0,1,0,25,20,19,19,0,0,-28,28,6,6,124,121,147,112,293,171,8221,8221,258,184,8221,8221,9301,9301,258,184,65,-85,6,11,2,2,0,0,0,0,2,2,0,0,254,281,0,0,5,9,0,1,8,9,1,0,0,2,0,0,10,14,1,1,5,5,56,62,0,0,1,0,0,0,0,0,19,-19,14,11,16,17,460,0,-3,-78,17,-11,0,1,181,144,173,120,1,0,-18,0,19,0,13,13,2,0,1,1,0,0,0,0,-62,-88,-81,-155,0,0,41,35,0,0,119,121,-13,30,5,5
24,Bf5,rn3rk1/p4ppp/5n2/1p1qNb2/2pP4/4P1Q1/1P1NBPPP/R3K2R w KQ - 6 13,231,-231,1,0,4,4,288,288,288,288,3,3,2,1,1,0,0,0,5,4,214,-214,372,-372,64,64,124,124,7514,7514,1,1,0,0,0,3,32,33,47,48,147,125,14,11,7,11,14,8,13,16,0,0,2,4,0,2,1,0,2,8,1,0,1,0,0,0,9,10,11,10,5,5,64,61,7477,7477,6,6,0,0,2,1,0,0,1,0,0,0,0,0,2,0,1,0,2,0,0,0,3,0,3,0,0,0,-1680,-2238,2408,2579,222,222,56,56,1,1,1,0,0,0,1,1,2,3,91,62,2,0,1,0,24,20,19,19,0,0,28,-28,6,6,124,121,147,125,293,221,8221,8221,258,217,8221,8221,9301,9301,258,217,65,-48,6,10,2,2,0,0,0,0,2,2,0,0,254,281,0,0,5,9,0,1,8,9,1,0,0,2,0,0,12,15,1,1,5,5,56,62,0,0,1,0,0,0,0,0,19,-19,14,12,15,17,451,0,-5,-70,17,-11,0,1,243,151,226,127,1,0,-18,0,19,0,13,13,2,0,1,1,0,0,0,0,-62,-82,-81,-146,0,0,41,35,0,0,119,121,-13,30,6,6
25,Bf3,rn3rk1/p4ppp/5n2/1p1qNb2/2pP4/4PBQ1/1P1N1PPP/R3K2R b KQ - 7 13,477,-477,1,0,4,4,288,288,288,288,3,3,2,1,1,0,0,0,5,4,536,-536,716,-716,64,64,124,124,7514,7514,1,1,0,0,0,3,36,32,47,48,164,124,14,11,10,11,14,8,12,15,0,0,2,4,0,2,0,0,2,8,1,0,1,0,0,0,9,10,11,10,5,5,66,60,7477,7477,6,6,0,0,4,0,9,0,1,0,0,0,0,0,2,0,1,0,2,0,0,0,3,0,3,0,0,0,-1680,-2238,2408,2579,222,222,56,56,1,1,1,0,0,0,1,1,2,3,91,62,2,0,1,0,26,16,19,19,0,0,-28,28,6,6,124,121,164,124,324,217,8221,8221,249,217,8221,8221,9301,9301,249,217,62,-48,7,10,2,2,0,0,0,0,2,2,0,0,254,281,1,0,5,8,0,1,8,9,2,0,0,2,0,0,16,17,1,1,5,5,56,62,0,0,1,0,0,0,0,0,19,-19,15,12,15,18,480,0,10,-70,19,-11,1,0,512,151,552,141,1,0,-18,0,19,0,13,13,0,0,1,1,0,0,0,0,-33,-82,-83,-146,0,0,41,35,0,0,119,121,-13,30,7,7
26,Be4,rn3rk1/p4ppp/5n2/1p1qN3/2pPb3/4PBQ1/1P1N1PPP/R3K2R w KQ - 8 14,287,-287,1,0,4,4,288,288,288,288,3,3,2,1,1,0,0,0,5,4,282,-282,349,-349,64,64,124,124,7514,7514,1,1,0,0,0,3,32,31,47,48,147,119,14,11,6,11,14,8,12,14,0,0,2,4,0,2,0,1,3,8,1,0,1,0,0,1,9,10,11,10,5,5,62,59,7477,7477,6,6,0,0,3,0,3,3,1,0,1,0,0,0,0,0,1,0,2,0,0,0,3,0,3,0,0,0,-1680,-2238,2408,2579,222,222,56,56,1,1,1,0,0,0,1,1,2,2,91,52,2,0,1,0,24,20,19,19,0,0,28,-28,6,6,124,121,147,119,293,209,8221,8221,249,223,8221,8221,9301,9301,249,223,62,-33,7,11,2,2,0,0,0,0,2,2,0,0,254,281,1,0,5,7,0,1,8,9,1,0,0,2,0,0,11,13,1,1,5,5,56,62,0,0,1,0,0,0,0,0,19,-19,15,14,16,17,464,0,6,-54,18,-11,1,0,300,200,233,169,1,0,-18,0,19,0,13,13,0,1,1,1,0,0,0,0,-36,-130,-90,-172,0,0,41,35,0,0,119,121,-13,30,8,8
27,Nxe4,rn3rk1/p4ppp/5n2/1p1qN3/2pPN3/4PBQ1/1P3PPP/R3K2R b KQ - 0 14,1355,-1355,1,0,4,4,288,288,288,288,3,3,2,1,1,0,0,0,5,4,1393,-1393,1300,-1300,64,64,115,115,7425,6065,1,0,0,0,0,3,33,23,47,48,157,56,16,11,6,0,14,8,12,14,0,0,2,4,2,0,0,0,3,0,1,0,1,0,0,1,9,10,11,10,5,5,64,48,7477,6652,6,6,0,0,2,1,2,2,1,0,0,1,0,0,0,0,1,0,2,0,0,0,3,0,3,0,0,0,-1680,-2238,2408,2579,222,222,56,56,1,1,2,0,0,0,1,1,3,1,172,0,2,0,1,0,27,17,19,19,1,0,-28,28,6,6,124,121,157,56,299,144,8221,7396,313,192,8221,7396,9301,8386,313,192,82,-48,9,7,2,2,85,-85,0,0,2,2,0,0,254,281,1,0,5,7,0,1,8,9,0,0,1,2,1,0,9,14,2,1,5,5,56,50,0,0,1,0,0,0,0,0,19,-19,16,9,15,17,1035,0,223,-94,53,-11,0,0,139,256,161,197,1,0,-18,0,19,0,13,12,0,0,1,1,0,0,0,0,-21,-96,-86,-78,0,0,41,35,0,0,119,121,-13,30,0,0
28,Nxe4,rn3rk1/p4ppp/8/1p1qN3/2pPn3/4PBQ1/1P3PPP/R3K2R w KQ - 0 15,207,-207,1,0,4,4,288,288,288,288,3,3,2,1,1,0,0,0,5,4,191,-191,126,-126,64,64,106,106,5488,6059,1,0,0,0,0,3,28,23,47,48,144,56,8,11,6,0,14,8,12,14,0,0,2,4,0,0,0,1,3,0,1,0,1,0,0,1,8,10,11,10,5,5,56,48,6696,6652,6,6,0,0,3,0,2,5,1,0,0,0,0,0,0,1,1,0,2,0,0,0,3,0,3,0,0,0,-1680,-2238,2408,2579,222,222,56,56,1,1,1,0,0,0,1,1,2,2,91,81,2,2,1,1,23,20,19,19,0,0,28,-28,6,6,124,121,144,56,288,144,7440,7396,264,237,7440,7396,8447,8386,264,237,54,-1,6,9,1,2,-35,35,0,0,2,2,0,0,254,281,1,0,5,7,0,1,8,9,0,0,0,0,0,0,11,13,0,0,5,5,40,50,0,0,1,0,0,0,0,0,19,-19,14,11,14,17,621,287,40,-58,27,6,1,0,151,218,164,291,1,0,-18,0,19,0,12,12,0,0,1,1,0,0,0,0,-28,-94,-81,-93,0,0,41,35,0,0,119,121,-13,30,0,0
29,Qf4,rn3rk1/p4ppp/8/1p1qN3/2pPnQ2/4PB2/1P3PPP/R3K2R b KQ - 1 15,217,-217,1,0,4,4,288,288,288,288,3,3,2,1,1,0,0,0,5,4,240,-240,292,-292,64,64,106,106,5488,6059,1,0,0,0,0,0,29,23,47,48,159,56,8,11,6,0,14,8,13,14,0,0,2,4,0,0,0,1,3,0,1,0,1,0,1,1,8,10,11,10,5,5,57,48,6696,6652,6,6,0,0,3,1,3,1,1,0,1,0,0,0,0,2,1,0,2,0,0,0,3,0,3,0,0,0,-1680,-2238,2408,2579,222,222,56,56,1,1,1,0,0,0,1,1,2,2,91,81,2,2,0,2,23,21,19,19,0,0,-28,28,6,6,124,121,159,56,306,144,7440,7396,267,237,7440,7396,8447,8386,267,237,85,-1,6,9,1,2,-35,35,0,0,2,2,0,0,254,281,1,0,6,7,0,0,8,9,1,0,0,0,0,0,11,14,0,0,5,5,40,50,0,0,0,0,0,1,0,0,19,-19,16,11,14,18,376,453,-4,-28,12,17,2,0,299,199,250,208,1,0,-18,0,19,0,12,12,0,0,1,1,0,0,0,0,-84,-88,-96,-82,0,0,41,35,0,0,119,121,-13,30,1,1
30,f5,rn3rk1/p5pp/8/1p1qNp2/2pPnQ2/4PB2/1P3PPP/R3K2R w KQ - 0 16,118,-118,1,0,4,4,288,288,288,288,3,2,2,1,1,0,0,0,5,3,76,-76,159,-159,64,64,106,106,5488,6059,1,0,0,0,0,0,23,26,46,48,94,76,8,11,6,0,14,10,11,15,1,0,3,4,0,0,0,1,3,0,1,0,1,0,1,1,7,11,11,10,5,5,55,51,6696,6652,6,6,0,0,2,1,2,1,1,0,0,0,0,0,0,1,1,0,2,0,0,0,3,0,3,0,0,0,-2232,-2238,2408,2883,145,222,56,68,1,1,0,0,0,0,1,1,2,2,91,81,1,2,0,2,20,22,19,19,0,0,28,-28,6,6,124,107,94,76,234,181,7440,7396,267,235,7440,7396,8447,8386,267,235,85,-20,6,9,1,2,-35,35,0,0,2,2,0,0,254,281,1,0,6,8,0,0,9,9,0,0,0,0,4,0,10,15,0,0,5,5,35,55,0,0,0,0,0,1,0,0,19,-19,14,13,16,18,249,565,38,27,4,24,0,0,130,158,157,176,1,0,-18,0,19,0,12,12,0,0,1,1,0,0,0,0,-28,-88,-60,-82,0,0,39,35,0,0,119,107,-13,33,0,0
31,O-O,rn3rk1/p5pp/8/1p1qNp2/2pPnQ2/4PB2/1P3PPP/R4RK1 b - - 1 16,371,-371,1,0,4,4,288,288,288,288,3,2,2,1,1,0,0,0,5,3,423,-423,308,-308,64,64,106,106,5488,6059,1,0,0,0,0,0,28,26,46,48,104,76,8,11,6,0,19,10,11,15,1,0,3,4,0,0,0,1,3,0,1,0,0,0,1,1,7,11,11,10,5,5,60,51,6696,6652,6,6,0,0,2,0,2,0,1,0,0,0,0,0,0,1,1,0,2,0,0,0,3,0,3,0,0,0,-2232,-2238,2408,2883,145,222,56,68,1,1,0,0,0,0,1,1,2,1,91,81,1,1,0,0,22,21,1,1,0,0,-28,28,6,6,124,107,104,76,334,181,7440,7396,413,235,7440,7396,8447,8386,413,235,53,-20,6,9,1,2,-35,35,0,0,2,2,0,0,281,281,1,0,6,8,0,0,9,8,0,0,0,0,4,0,9,13,0,0,5,5,35,55,0,0,0,0,1,1,0,0,1,-1,14,8,16,20,259,0,39,-90,5,-11,0,0,123,139,150,130,1,0,-18,0,19,0,12,12,0,0,1,1,0,0,0,0,33,-88,-36,-82,0,0,39,35,0,0,119,107,-13,33,1,1
32,Nd7,r4rk1/p2n2pp/8/1p1qNp2/2pPnQ2/4PB2/1P3PPP/R4RK1 w - - 2 17,275,-275,1,0,4,4,288,288,288,288,3,2,2,1,1,0,0,0,5,3,291,-291,71,-71,64,64,106,106,5488,6059,1,0,0,0,0,0,28,31,46,48,104,122,8,14,6,0,19,16,11,14,1,0,3,4,0,0,0,1,3,0,1,0,0,0,1,1,7,11,11,10,5,5,60,59,6696,6652,6,6,0,0,3,0,4,2,1,0,0,0,0,0,0,1,1,0,2,0,0,0,3,0,3,0,0,0,-2232,-2238,2408,2883,145,222,56,68,1,1,0,0,0,0,1,1,2,1,91,81,1,1,0,0,24,21,1,1,0,0,28,-28,6,6,124,107,104,122,334,332,7440,7396,413,312,7440,7396,8447,8386,413,312,53,53,6,7,1,2,-35,35,0,0,2,2,0,0,281,281,1,0,6,8,0,0,9,8,0,0,0,0,4,0,10,12,0,1,5,5,35,55,0,0,0,0,1,1,0,0,1,-1,14,9,16,20,113,0,26,-82,-4,-11,1,0,201,189,198,164,1,0,-18,0,19,0,12,12,0,0,1,1,0,0,0,0,33,-72,-36,-64,0,0,39,35,0,0,119,107,-13,33,2,2
33,Nxd7,r4rk1/p2N2pp/8/1p1q1p2/2pPnQ2/4PB2/1P3PPP/R4RK1 b - - 0 17,1132,-1132,1,0,4,4,288,288,288,288,3,2,2,1,1,0,0,0,5,3,1178,-1178,1106,-1106,64,64,97,97,5440,4126,1,0,0,0,0,0,31,27,46,48,134,119,6,8,6,0,19,16,14,15,0,0,3,4,2,0,0,1,3,0,1,0,0,0,1,1,7,11,11,10,5,5,61,54,6696,5871,6,6,0,0,1,1,6,0,1,0,0,1,0,0,0,1,1,0,2,0,0,0,3,0,3,0,0,0,-2232,-2238,2408,2883,145,222,56,68,1,1,1,0,0,0,1,1,2,1,91,81,1,1,0,0,24,23,1,1,1,0,-28,28,6,6,124,107,134,119,371,327,7440,6615,399,327,7440,6615,8447,7532,399,327,26,45,8,4,1,1,82,-82,0,0,2,2,0,0,281,281,1,0,9,8,0,0,9,8,0,0,0,0,1,0,9,11,0,0,5,5,35,44,0,0,0,0,1,1,0,0,1,-1,14,9,16,20,394,0,60,-82,13,-11,0,0,211,194,269,152,1,0,-18,0,19,0,12,11,0,0,1,1,0,0,0,0,-8,-48,-68,-37,0,0,39,35,0,0,119,107,-13,33,0,0
34,Qxd7,r4rk1/p2q2pp/8/1p3p2/2pPnQ2/4PB2/1P3PPP/R4RK1 w - - 0 18,123,-123,1,0,4,4,288,288,288,288,3,2,2,1,1,0,0,0,5,3,145,-145,-14,14,64,64,88,88,3379,4120,1,0,0,0,0,0,27,29,47,48,131,120,0,8,6,0,19,16,14,16,0,0,3,4,0,0,0,1,2,0,1,0,0,0,1,0,7,12,11,10,5,5,55,55,5915,5871,6,6,0,0,0,0,2,0,0,0,0,0,0,0,0,1,1,0,2,0,0,0,3,0,3,0,0,0,-2232,-2238,2408,2883,145,222,56,68,1,1,0,0,0,0,1,1,1,1,10,81,0,1,0,0,24,29,1,1,0,0,28,-28,6,6,124,107,131,120,366,352,6659,6615,362,331,6659,6615,7593,7532,362,331,14,17,2,4,0,1,-46,46,0,0,2,2,0,0,281,281,1,0,9,6,0,0,9,8,0,0,0,0,0,0,7,8,0,0,5,5,0,0,0,0,0,0,1,1,0,0,-1,1,12,7,16,20,0,0,7,-98,-11,-11,0,0,106,104,90,95,1,0,-18,0,19,0,11,11,0,0,1,1,0,0,0,0,12,8,-29,-22,0,0,39,35,0,0,119,107,-13,33,0,0
35,Bxe4,r4rk1/p2q2pp/8/1p3p2/2pPBQ2/4P3/1P3PPP/R4RK1 b - - 0 18,1059,-1059,1,0,4,4,288,288,288,288,3,2,2,1,1,0,0,0,5,3,1083,-1083,1094,-1094,64,64,80,80,3331,2063,1,0,0,0,0,0,32,24,47,48,168,107,0,0,10,0,19,16,15,16,0,0,3,4,0,0,0,0,2,0,1,0,0,0,1,0,8,11,11,10,5,5,60,47,5915,5090,6,6,0,1,2,1,5,0,0,0,0,0,0,0,0,0,1,0,2,0,10,0,3,0,3,0,0,0,-2232,-2238,2408,2883,145,222,56,68,1,1,1,0,0,0,1,1,1,0,10,0,0,0,0,0,32,23,1,1,1,0,-28,28,6,6,124,107,168,107,418,341,6659,5834,406,280,6659,5834,7593,6678,406,280,33,-22,3,0,0,0,79,-79,0,0,2,2,0,0,281,281,0,0,9,6,0,0,9,8,1,0,0,0,0,0,8,14,0,0,5,5,0,0,0,0,0,0,1,1,0,0,1,-1,10,4,15,18,167,0,-3,-122,-1,-11,1,1,223,285,225,192,1,0,-8,0,29,0,11,10,2,0,1,1,0,0,0,0,-47,22,-48,11,0,0,39,35,0,0,119,107,-13,33,0,0
36,fxe4,r4rk1/p2q2pp/8/1p6/2pPpQ2/4P3/1P3PPP/R4RK1 w - - 0 19,28,-28,1,1,4,4,288,288,288,288,3,2,2,1,1,1,0,0,5,3,28,-28,-34,34,64,64,70,70,1974,1974,0,0,0,0,0,0,27,28,48,48,117,118,0,0,0,0,19,19,18,18,0,0,3,4,0,0,0,0,0,0,1,1,0,0,0,0,8,13,11,10,5,5,53,52,5090,5090,6,5,0,0,1,0,0,0,0,0,1,0,0,0,0,0,1,0,2,0,0,0,3,0,3,0,0,0,-2495,-2238,2573,2905,137,222,56,64,1,1,2,0,0,0,1,1,1,3,10,54,2,1,0,0,27,28,1,1,0,0,28,-28,6,6,123,107,117,118,378,369,5834,5834,367,274,5834,5834,6678,6678,367,274,16,-15,0,0,0,0,0,0,0,0,2,2,0,0,281,281,0,0,9,8,0,0,9,8,0,4,0,0,0,0,7,11,0,0,5,5,0,0,0,0,0,0,1,1,0,0,-1,1,12,8,15,18,118,103,18,-92,-4,-5,0,0,118,317,85,149,1,0,-18,0,19,0,10,10,0,0,1,0,0,0,0,0,41,25,18,18,0,1,35,31,0,0,118,91,-15,14,0,0
37,Qxe4,r4rk1/p2q2pp/8/1p6/2pPQ3/4P3/1P3PPP/R4RK1 b - - 0 19,269,-269,1,0,3,3,288,288,288,288,3,2,2,1,1,0,0,0,5,3,324,-324,266,-266,64,64,70,70,1796,1536,0,0,0,0,0,0,32,28,49,49,124,118,0,0,0,0,19,19,21,18,0,0,3,4,0,0,0,0,0,0,1,1,0,0,0,0,9,11,11,8,5,5,56,50,5090,5090,6,5,0,0,2,0,0,0,0,0,0,0,0,0,0,0,2,0,2,0,10,0,6,0,5,0,0,0,-2360,-2238,2408,2803,137,222,56,64,1,1,3,0,0,0,1,1,1,2,10,54,1,1,1,0,30,28,-2,-2,0,0,-28,28,6,5,131,107,124,118,398,369,5834,5710,366,263,5834,5710,6678,6472,366,263,27,-10,0,0,0,0,16,-16,0,0,2,2,0,0,281,281,0,0,12,8,0,0,9,8,0,1,0,0,0,0,13,14,0,0,5,5,0,0,0,0,0,0,0,0,0,0,-2,2,12,7,15,16,241,0,29,-102,4,-11,0,0,91,158,91,116,2,0,-24,0,38,0,10,9,0,0,1,0,0,0,0,0,35,19,7,7,0,0,35,35,0,0,126,107,-15,33,0,0
38,Rfe8,r3r1k1/p2q2pp/8/1p6/2pPQ3/4P3/1P3PPP/R4RK1 w - - 1 20,115,-115,1,0,3,3,288,288,288,288,3,2,2,1,1,0,0,0,5,3,55,-55,131,-131,64,64,70,70,1796,1536,0,0,0,0,0,0,32,27,49,49,124,118,0,0,0,0,19,18,21,18,0,0,3,4,0,0,0,0,0,0,1,1,0,0,0,0,9,11,11,8,5,5,56,49,5090,5090,6,5,0,0,2,1,0,0,0,5,0,1,0,0,0,0,2,0,2,0,10,0,6,0,5,0,0,0,-2360,-2238,2408,2803,137,222,56,64,1,1,4,0,0,0,1,1,1,1,10,10,1,0,1,0,30,29,-2,-2,0,0,28,-28,6,5,131,107,124,118,398,364,5834,5710,366,272,5834,5710,6678,6472,366,272,27,-9,0,0,0,0,16,-16,0,0,2,2,0,0,281,281,0,0,12,8,0,0,9,8,0,3,0,0,0,0,11,14,0,0,5,5,0,0,0,0,0,0,0,1,0,0,-2,2,12,6,16,16,237,0,28,-110,3,-11,0,0,77,405,77,229,2,0,-24,0,38,0,10,9,0,0,1,0,0,0,0,0,35,25,7,18,0,0,35,35,0,0,126,107,-15,33,1,1
39,Qf4,r3r1k1/p2q2pp/8/1p6/2pP1Q2/4P3/1P3PPP/R4RK1 b - - 2 20,228,-228,1,0,3,3,288,288,288,288,3,2,2,1,1,0,0,0,5,3,290,-290,228,-228,64,64,70,70,1796,1536,0,0,0,0,0,0,29,27,49,49,119,118,0,0,0,0,19,18,19,18,0,0,3,4,0,0,0,0,0,0,1,1,0,0,0,0,9,11,11,8,5,5,54,49,5090,5090,6,5,0,0,0,0,0,0,0,0,0,0,0,0,0,0,2,0,2,0,0,0,6,0,5,0,0,0,-2360,-2238,2408,2803,137,222,56,64,1,1,2,0,0,0,1,1,1,1,10,10,2,0,0,0,28,29,-2,-2,0,0,-28,28,6,5,131,107,119,118,388,364,5834,5710,367,272,5834,5710,6678,6472,367,272,16,-9,0,0,0,0,16,-16,0,0,2,2,0,0,281,281,0,0,9,8,0,0,9,8,0,1,0,0,0,0,9,12,0,0,5,5,0,0,0,0,0,0,1,0,0,0,-2,2,12,6,16,18,116,0,18,-110,-4,-11,0,0,63,144,63,102,2,0,-34,0,28,0,10,9,0,0,1,0,0,0,0,0,41,19,18,7,0,0,35,35,0,0,126,107,-15,33,2,2
40,a5,r3r1k1/3q2pp/8/pp6/2pP1Q2/4P3/1P3PPP/R4RK1 w - - 0 21,227,-227,1,0,3,3,288,288,288,288,3,4,2,1,1,0,0,0,5,5,214,-214,182,-182,64,64,70,70,1796,1536,0,0,0,0,0,0,27,31,49,50,118,147,0,0,0,0,17,20,19,18,0,0,3,5,0,0,0,0,0,0,1,1,0,0,0,0,9,11,11,8,5,5,52,51,5090,5090,6,5,0,0,1,0,0,0,1,0,0,0,0,0,0,0,2,0,2,0,0,0,6,0,5,0,0,0,-2196,-2238,2408,2943,137,222,56,64,1,1,2,0,0,0,1,1,1,1,10,10,2,0,0,0,26,31,-2,-2,0,0,28,-28,6,5,131,167,118,147,364,401,5834,5710,367,265,5834,5710,6678,6472,367,265,16,7,0,0,0,0,16,-16,0,0,2,2,0,0,281,281,0,0,9,8,0,0,9,8,0,1,0,0,0,0,10,12,0,0,5,5,0,0,0,0,0,0,1,0,0,0,-2,2,12,6,16,18,0,0,15,-110,-11,-11,0,0,73,144,116,102,2,0,-34,0,28,0,10,9,0,0,1,0,0,0,0,0,41,19,18,7,0,0,33,35,0,0,126,167,-15,48,0,0
41,Rfd1,r3r1k1/3q2pp/8/pp6/2pP1Q2/4P3/1P3PPP/R2R2K1 b - - 1 21,230,-230,1,0,3,3,288,288,288,288,3,4,2,1,1,0,0,0,5,5,288,-288,229,-229,64,64,70,70,1796,1536,0,0,0,0,0,0,29,31,49,50,138,147,0,0,0,0,19,20,19,18,0,0,3,5,0,0,0,0,0,0,1,1,0,0,0,1,9,11,11,8,5,5,54,51,5090,5090,6,5,0,0,1,0,0,0,1,0,0,0,0,0,0,0,2,0,2,0,10,0,6,0,5,0,0,0,-2196,-2238,2408,2943,137,222,56,64,1,1,2,0,0,0,1,1,1,1,10,10,2,0,0,0,27,30,-2,-2,0,0,-28,28,6,5,131,167,138,147,386,401,5834,5710,376,265,5834,5710,6678,6472,376,265,17,7,0,0,0,0,16,-16,0,0,2,2,0,0,281,281,0,0,9,8,0,0,9,8,0,1,0,0,0,0,10,13,0,0,5,5,0,0,0,0,0,0,1,0,0,0,-2,2,12,6,16,18,106,0,17,-110,-5,-11,0,0,73,151,116,109,2,0,-24,0,38,0,10,9,0,0,0,0,0,0,0,0,25,-37,18,-8,0,0,33,35,0,0,126,167,-15,48,1,1
42,Rf8,r4rk1/3q2pp/8/pp6/2pP1Q2/4P3/1P3PPP/R2R2K1 w - - 2 22,152,-152,1,0,3,3,288,288,288,288,3,4,2,1,1,0,0,0,5,5,103,-103,160,-160,64,64,70,70,1796,1536,0,0,0,0,0,0,29,32,49,50,138,147,0,0,0,0,19,21,19,18,0,0,3,5,0,0,0,0,0,0,1,1,0,0,0,1,9,11,11,8,5,5,54,52,5090,5090,6,5,0,0,1,0,0,0,1,0,0,0,0,0,0,0,2,0,2,0,10,0,6,0,5,0,0,0,-2196,-2238,2408,2943,137,222,56,64,1,1,2,0,0,0,1,1,1,2,10,54,2,1,0,0,26,29,-2,-2,0,0,28,-28,6,5,131,167,138,147,386,406,5834,5710,376,256,5834,5710,6678,6472,376,256,17,6,0,0,0,0,16,-16,0,0,2,2,0,0,281,281,0,0,9,8,0,0,9,8,0,4,0,0,0,0,9,12,0,0,5,5,0,0,0,0,0,0,1,1,0,0,-2,2,12,7,15,18,110,0,17,-102,-5,-11,0,0,66,324,109,156,2,0,-24,0,38,0,10,9,0,0,0,0,0,0,0,0,25,-31,18,3,0,0,33,35,0,0,126,167,-15,48,2,2
43,Qg3,r4rk1/3q2pp/8/pp6/2pP4/4P1Q1/1P3PPP/R2R2K1 b - - 3 22,243,-243,1,0,3,3,288,288,288,288,3,4,2,1,1,0,0,0,5,5,342,-342,203,-203,64,64,70,70,1796,1536,0,0,0,0,0,3,26,32,49,50,136,147,0,0,0,0,19,21,16,18,0,0,3,5,0,0,0,0,0,0,1,1,0,0,0,1,9,11,11,8,5,5,51,52,5090,5090,6,5,0,0,1,0,0,0,1,0,0,0,0,0,0,0,2,0,2,0,10,0,6,0,5,0,0,0,-2196,-2238,2408,2943,137,222,56,64,1,1,1,0,0,0,1,1,1,2,10,54,1,1,0,0,25,29,-2,-2,0,0,-28,28,6,5,131,167,136,147,355,406,5834,5710,373,256,5834,5710,6678,6472,373,256,-14,6,0,0,0,0,16,-16,0,0,2,2,0,0,281,281,0,0,8,8,0,1,9,8,0,0,0,0,0,0,9,9,0,0,5,5,0,0,0,0,1,0,1,0,0,0,-2,2,9,7,15,16,113,0,-6,-102,-4,-11,0,0,66,63,109,63,2,0,-24,0,38,0,10,9,0,0,0,0,0,0,0,0,25,-37,18,-8,0,0,33,35,0,0,126,167,-15,48,3,3
44,Qd5,r4rk1/6pp/8/pp1q4/2pP4/4P1Q1/1P3PPP/R2R2K1 w - - 4 23,270,-270,1,0,3,3,288,288,288,288,3,4,2,1,1,0,0,0,5,5,326,-326,168,-168,64,64,70,70,1796,1536,0,0,0,0,0,3,25,32,48,50,127,147,0,0,0,0,19,21,16,20,0,0,3,5,0,0,0,0,0,0,1,1,0,0,0,1,9,11,11,8,5,5,51,54,5090,5090,6,5,0,0,2,0,0,0,1,0,0,0,0,0,0,0,2,0,2,0,0,0,6,0,5,0,0,0,-2196,-2238,2408,2943,137,222,56,64,1,1,1,1,0,0,1,1,1,2,10,54,1,2,1,0,26,29,-2,-2,0,0,28,-28,6,5,131,167,127,147,337,406,5834,5710,373,252,5834,5710,6678,6472,373,252,-14,34,0,0,0,0,16,-16,0,0,2,2,0,0,281,281,0,0,8,10,0,1,9,8,0,0,0,0,0,0,11,8,0,0,5,5,0,0,0,0,1,0,1,0,0,0,-2,2,9,11,17,16,281,166,10,-64,6,-1,0,0,80,56,123,56,2,0,-34,0,28,0,10,9,0,0,0,0,0,0,0,0,25,-37,18,-8,0,0,33,35,0,0,126,167,-15,48,4,4
45,f3,r4rk1/6pp/8/pp1q4/2pP4/4PPQ1/1P4PP/R2R2K1 b - - 0 23,279,-279,1,0,3,3,288,288,288,288,4,4,2,1,1,0,0,0,5,5,361,-361,244,-244,64,64,70,70,1796,1536,0,0,0,0,0,3,26,29,48,49,127,146,0,0,0,0,19,20,16,19,0,0,4,5,0,0,0,0,0,0,1,1,0,0,0,1,10,11,11,8,5,5,51,52,5090,5090,6,5,0,0,2,0,0,0,1,0,0,0,0,0,1,0,2,0,2,0,0,0,6,0,5,0,0,0,-2196,-2522,2248,2943,137,170,48,64,1,1,1,0,0,0,1,1,1,2,10,54,1,0,1,0,27,28,-2,-2,0,0,-28,28,6,5,142,167,127,146,358,395,5834,5710,376,252,5834,5710,6678,6472,376,252,-18,34,0,0,0,0,16,-16,0,0,2,2,0,0,281,281,0,0,9,9,0,1,9,9,0,0,0,0,0,0,10,8,0,0,5,5,0,0,0,0,1,0,1,0,0,0,-2,2,11,9,17,16,291,0,19,-34,7,-11,0,0,121,56,155,56,2,0,-34,0,28,0,10,9,0,0,0,0,0,0,0,0,25,-37,18,-8,0,0,33,34,0,0,137,167,-10,48,0,0
46,c3,r4rk1/6pp/8/pp1q4/3P4/2p1PPQ1/1P4PP/R2R2K1 w - - 0 24,53,-53,1,0,3,3,288,288,288,288,4,4,2,0,0,0,0,0,5,4,131,-131,-101,101,64,64,70,70,1796,1536,0,0,0,0,0,3,26,31,49,49,127,147,0,0,0,0,19,20,16,21,0,0,4,1,0,0,0,0,0,0,1,1,0,0,0,1,10,11,11,8,5,5,51,54,5090,5090,5,4,0,0,3,1,0,0,1,0,1,1,0,0,1,1,2,1,2,48,0,108,6,2,5,5,0,0,-3036,-3146,2248,4391,137,170,48,64,1,1,1,0,0,0,1,1,1,2,10,54,1,0,1,0,27,29,7,7,0,0,28,-28,6,5,142,88,127,147,358,401,5834,5710,376,258,5834,5710,6678,6472,376,258,-18,51,0,0,0,0,16,-16,0,0,2,2,0,0,281,281,0,0,9,11,0,1,9,9,0,0,0,0,0,0,11,9,0,0,5,5,0,0,0,0,1,0,1,0,0,0,-7,7,11,9,17,16,290,0,19,-34,7,-11,0,0,197,180,198,138,2,1,-34,254,28,317,10,9,0,0,0,0,0,0,0,0,25,-37,18,-8,0,0,32,40,0,0,137,88,-10,9,0,0
47,bxc3,r4rk1/6pp/8/pp1q4/3P4/2P1PPQ1/6PP/R2R2K1 b - - 0 24,432,-432,0,0,2,2,288,288,288,288,4,4,3,0,1,0,0,0,5,4,539,-539,365,-365,64,64,70,70,1618,1174,0,0,0,0,0,3,27,31,50,50,136,147,0,0,0,0,19,20,16,21,0,0,4,2,0,0,0,0,0,0,1,1,0,0,0,1,12,10,11,6,5,5,51,52,5090,5090,6,4,0,0,2,0,0,0,1,0,0,0,0,0,1,0,2,2,2,32,0,20,6,1,5,6,0,0,-3036,-2750,2410,2303,137,170,48,64,1,1,1,0,0,0,1,1,1,2,10,54,1,0,1,0,27,27,4,4,0,0,-28,28,6,4,163,100,136,147,376,401,5834,5586,384,265,5834,5586,6678,6266,384,265,-22,30,0,0,0,0,27,-27,1,0,2,2,0,0,281,281,0,0,9,11,0,1,9,9,0,0,0,0,0,0,11,8,0,0,5,5,0,0,0,0,1,0,1,0,0,0,4,-4,11,9,17,16,299,0,20,-34,7,-11,0,0,128,56,162,56,2,2,-34,39,28,126,10,8,0,0,0,0,0,0,0,0,25,-37,18,-8,0,0,30,33,0,0,141,100,-41,12,0,0
48,a4,r4rk1/6pp/8/1p1q4/p2P4/2P1PPQ1/6PP/R2R2K1 w - - 0 25,410,-410,0,0,2,2,288,288,288,288,4,2,3,1,1,1,0,0,5,3,466,-466,281,-281,64,64,70,70,1618,1174,0,0,0,0,0,3,26,32,50,50,127,147,0,0,0,0,18,21,16,21,0,0,5,3,0,0,0,0,0,0,1,1,0,0,0,1,12,10,11,6,5,5,50,53,5090,5090,6,4,0,0,1,0,0,0,0,0,0,0,0,0,1,0,2,1,2,56,0,35,6,0,5,4,0,0,-3098,-2750,2410,2749,137,170,48,64,1,1,1,0,0,0,1,1,1,2,10,54,1,0,1,0,28,28,-5,-5,0,0,28,-28,6,4,163,107,127,147,363,406,5834,5586,384,282,5834,5586,6678,6266,384,282,-22,34,0,0,0,0,27,-27,1,1,2,2,0,0,281,281,0,0,9,11,0,1,9,9,0,0,0,0,0,0,10,7,0,0,5,5,0,0,0,0,1,0,1,0,0,0,-5,5,11,9,17,16,290,0,19,-34,7,-11,0,0,118,49,109,49,2,1,-34,97,28,163,10,8,0,0,0,0,0,0,0,0,25,-37,18,-8,0,0,23,33,0,0,141,85,-41,-18,0,0
49,e4,r4rk1/6pp/8/1p1q4/p2PP3/2P2PQ1/6PP/R2R2K1 b - - 0 25,524,-524,0,0,2,2,288,288,288,288,4,2,3,1,1,1,0,0,5,3,693,-693,382,-382,64,64,70,70,1618,1174,0,0,0,0,0,3,26,31,51,50,127,147,0,0,0,0,18,21,16,20,0,0,6,3,0,0,0,0,0,0,1,1,0,0,0,1,13,8,11,6,5,5,50,52,5090,5090,6,4,1,0,2,0,0,0,0,0,1,0,0,0,0,0,2,1,4,56,10,35,6,0,6,4,0,0,-3098,-2996,2800,2749,137,170,48,64,1,1,1,1,0,0,1,1,1,1,10,44,1,0,1,0,29,28,-5,-5,0,0,-28,28,6,4,179,107,127,147,363,404,5834,5586,392,282,5834,5586,6678,6266,392,282,-39,34,0,0,0,0,27,-27,1,1,2,2,0,0,281,281,0,0,9,10,0,1,9,9,0,0,0,0,0,0,10,8,0,0,5,5,0,0,0,0,1,0,1,0,0,0,-5,5,11,8,17,17,290,0,19,-42,7,-11,0,0,312,56,200,56,2,1,-26,97,48,163,10,8,0,0,0,0,0,0,0,0,25,-37,18,-8,0,0,23,33,0,0,157,85,-29,-18,0,0
50,Qb3,r4rk1/6pp/8/1p6/p2PP3/1qP2PQ1/6PP/R2R2K1 w - - 1 26,406,-406,0,0,2,2,288,288,288,288,4,2,3,1,1,1,0,0,5,3,463,-463,288,-288,64,64,70,70,1618,1174,0,0,0,0,0,3,27,29,52,49,136,145,0,0,0,0,18,21,16,15,0,0,6,3,0,0,0,0,0,0,1,1,0,0,0,0,12,8,11,6,5,5,50,47,5090,5090,5,4,0,0,1,2,0,0,0,0,0,1,0,0,0,0,2,1,4,56,38,35,6,0,6,4,0,0,-3098,-2996,2800,2749,137,170,48,64,1,1,1,1,0,0,1,1,1,1,10,44,1,0,1,0,29,25,-5,-5,0,0,28,-28,6,4,179,107,136,145,376,394,5834,5586,392,284,5834,5586,6678,6266,392,284,-39,-8,0,0,0,0,27,-27,1,1,2,2,0,0,281,281,0,0,9,9,0,1,9,9,1,0,0,0,0,0,10,8,0,0,5,5,0,0,0,0,1,0,0,0,0,0,-5,5,11,3,13,17,317,0,23,-82,8,-11,0,0,130,125,88,92,2,1,2,97,76,163,10,8,0,0,0,0,0,0,0,1,19,17,7,21,0,0,23,33,0,0,157,85,-29,-18,1,1
51,Rdc1,r4rk1/6pp/8/1p6/p2PP3/1qP2PQ1/6PP/R1R3K1 b - - 2 26,377,-377,0,0,2,2,288,288,288,288,4,2,3,1,1,1,0,0,5,3,509,-509,298,-298,64,64,70,70,1618,1174,0,0,0,0,0,3,25,29,52,49,118,145,0,0,0,0,17,21,16,15,0,0,6,3,0,0,0,0,0,0,1,1,0,0,0,0,12,8,11,6,5,5,49,47,5090,5090,6,4,0,0,1,1,0,0,0,0,0,0,0,0,0,0,2,1,4,56,38,35,6,0,6,4,0,0,-3098,-2996,2800,2749,137,170,48,64,1,1,1,1,0,0,1,1,1,1,10,44,1,0,1,0,29,23,-5,-5,0,0,-28,28,6,4,179,107,118,145,345,394,5834,5586,383,284,5834,5586,6678,6266,383,284,-40,-8,0,0,0,0,27,-27,1,1,2,2,0,0,281,281,0,0,9,9,0,1,9,9,1,0,0,0,0,0,12,9,0,0,5,5,0,0,0,0,1,0,0,0,0,0,-5,5,11,3,13,17,299,0,20,-82,7,-11,0,0,144,63,102,63,2,1,2,97,76,163,10,8,0,0,0,0,0,0,0,1,19,17,7,21,0,0,23,33,0,0,157,85,-29,-18,2,2
52,a3,r4rk1/6pp/8/1p6/3PP3/pqP2PQ1/6PP/R1R3K1 w - - 0 27,340,-340,0,0,2,2,288,288,288,288,4,2,3,0,1,1,0,0,5,2,464,-464,130,-130,64,64,70,70,1618,1174,0,0,0,0,0,3,25,30,52,49,118,146,0,0,0,0,16,22,16,15,0,0,6,2,0,0,0,0,0,0,1,1,0,0,0,0,12,8,11,6,5,5,48,48,5090,5090,6,4,0,0,1,1,0,0,0,0,0,0,0,0,0,0,2,1,4,96,38,60,6,0,6,5,0,0,-3260,-2996,2800,1147,137,170,48,64,1,1,1,1,0,0,1,1,1,1,10,44,1,0,1,0,28,23,-5,-5,0,0,28,-28,6,4,179,28,118,146,345,413,5834,5586,383,276,5834,5586,6678,6266,383,276,-40,10,0,0,0,0,27,-27,1,1,2,2,0,0,281,281,0,0,9,9,0,1,9,9,1,0,0,0,0,0,11,8,0,0,5,5,0,0,0,0,1,0,0,0,0,0,-5,5,11,3,13,17,298,0,20,-82,7,-11,0,0,137,56,95,56,2,1,2,228,76,333,10,8,0,0,0,0,0,0,0,1,19,17,7,21,0,0,22,33,0,0,157,6,-29,-57,0,0
53,Qf2,r4rk1/6pp/8/1p6/3PP3/pqP2P2/5QPP/R1R3K1 b - - 1 27,198,-198,0,0,2,2,288,288,288,288,4,2,3,0,1,1,0,0,5,2,355,-355,78,-78,64,64,70,70,1618,1174,0,0,0,0,0,0,23,30,52,49,117,146,0,0,0,0,16,22,14,15,0,0,6,2,0,0,0,0,0,0,1,1,0,0,1,0,12,8,11,6,5,5,46,48,5090,5090,6,4,0,0,0,1,0,0,0,0,0,0,0,0,0,0,2,1,4,96,38,60,6,0,6,5,0,0,-3260,-2996,2800,1147,137,170,48,64,1,1,1,1,1,0,1,1,0,1,0,44,0,0,0,0,27,23,-5,-5,0,0,-28,28,6,4,179,28,117,146,320,413,5834,5586,385,276,5834,5586,6678,6266,385,276,-44,10,0,0,0,0,27,-27,1,1,2,2,0,0,281,281,0,0,6,9,0,0,9,9,1,0,0,0,0,0,9,3,0,0,5,5,0,0,0,0,0,0,0,1,0,0,-5,5,5,3,13,17,0,0,-49,-82,-11,-11,0,0,123,21,81,21,2,1,2,228,76,333,10,8,0,0,0,0,0,0,0,1,-37,23,-8,32,0,0,22,33,0,0,157,6,-29,-57,1,1
54,Rfc8,r1r3k1/6pp/8/1p6/3PP3/pqP2P2/5QPP/R1R3K1 w - - 2 28,271,-271,0,0,2,2,288,288,288,288,4,2,3,0,1,1,0,0,5,2,424,-424,39,-39,64,64,70,70,1618,1174,0,0,0,0,0,0,23,31,52,49,117,146,0,0,0,0,16,22,14,15,0,0,6,2,0,0,0,0,0,0,1,1,0,0,0,0,12,8,11,6,5,5,46,48,5090,5090,6,4,0,0,0,1,0,0,0,1,0,0,0,0,0,0,2,1,4,96,38,60,6,0,6,5,0,0,-3260,-2996,2800,1147,137,170,48,64,1,1,1,1,1,0,1,1,0,0,0,0,0,0,0,0,27,24,-5,-5,0,0,28,-28,6,4,179,28,117,146,320,418,5834,5586,385,276,5834,5586,6678,6266,385,276,-44,10,0,0,0,0,27,-27,1,1,2,2,0,0,281,281,0,0,6,9,0,0,9,9,1,0,0,0,0,0,7,3,0,0,5,5,0,0,0,0,0,0,0,0,0,0,-5,5,5,0,11,17,0,0,-49,-106,-11,-11,0,0,109,24,67,67,2,1,2,228,76,333,10,8,0,0,0,0,0,0,0,1,19,17,7,21,0,0,22,33,0,0,157,6,-29,-57,2,2
55,Qc2,r1r3k1/6pp/8/1p6/3PP3/pqP2P2/2Q3PP/R1R3K1 b - - 3 28,253,-253,0,0,2,2,288,288,288,288,4,2,3,0,1,1,0,0,5,2,453,-453,93,-93,64,64,70,70,1618,1174,0,0,0,0,0,0,22,30,52,49,106,146,0,0,0,0,16,22,13,14,0,0,6,2,0,0,0,0,0,0,1,1,0,0,1,0,12,8,11,6,5,5,45,47,5090,5090,6,4,0,0,1,2,0,0,0,1,1,0,0,0,0,0,2,1,4,96,38,60,6,0,6,5,0,0,-3260,-2996,2800,1147,137,170,48,64,1,1,2,0,2,0,1,1,0,0,0,0,0,0,0,0,27,24,-5,-5,0,0,-28,28,6,4,179,28,106,146,316,397,5834,5586,385,276,5834,5586,6678,6266,385,276,-44,10,0,0,0,0,27,-27,1,1,2,2,0,0,281,281,0,0,5,8,0,0,9,9,1,1,0,0,0,0,7,4,0,0,5,5,0,0,0,0,0,0,1,1,0,0,-5,5,5,0,11,15,668,0,59,-106,30,-11,0,1,178,105,103,92,2,1,2,228,76,333,10,8,0,0,0,0,0,0,0,1,-31,23,3,32,0,0,22,33,0,0,157,6,-29,-57,3,3
56,Qxc2,r1r3k1/6pp/8/1p6/3PP3/p1P2P2/2q3PP/R1R3K1 w - - 0 29,-1750,1750,0,0,2,2,288,288,288,288,4,2,3,0,1,1,0,0,5,2,-2260,2260,-2671,2671,37,37,42,42,824,1174,0,0,0,0,0,0,13,32,53,49,53,147,0,0,0,0,16,22,0,14,0,0,6,2,0,0,0,0,0,0,1,1,0,0,0,0,9,8,11,6,5,5,32,47,2552,5090,6,4,0,0,2,3,0,0,6,1,1,0,0,0,0,0,2,1,4,96,56,60,6,0,6,5,0,0,-3260,-2996,2800,1147,137,170,48,64,1,1,0,4,0,0,0,1,0,1,0,10,0,2,0,2,23,28,-5,-5,0,0,28,-28,6,4,179,28,53,147,224,424,3296,5586,377,276,3296,5586,3996,6266,377,276,-22,4,0,0,0,0,-21,21,1,1,2,2,0,0,281,281,0,0,0,6,0,0,9,9,0,0,0,0,0,0,9,6,0,0,5,5,0,0,0,0,0,0,1,1,0,0,5,-5,4,4,11,14,0,520,-57,-8,-11,21,0,0,193,45,186,88,2,1,20,228,94,333,9,8,0,0,0,0,0,0,0,1,25,23,18,32,0,0,22,33,0,0,157,6,-29,-57,0,0
57,Rxc2,r1r3k1/6pp/8/1p6/3PP3/p1P2P2/2R3PP/R5K1 b - - 0 29,111,-111,0,0,2,2,288,288,288,288,4,2,3,0,1,1,0,0,5,2,355,-355,115,-115,64,64,13,13,824,228,0,0,0,0,0,0,12,19,53,50,42,81,0,0,0,0,16,22,0,0,0,0,6,2,0,0,0,0,0,0,1,1,0,0,0,0,13,8,11,6,5,5,32,33,2552,2552,6,4,0,0,1,1,0,0,1,1,0,0,0,0,0,0,2,1,4,96,56,60,6,0,6,5,0,0,-3260,-2996,2800,1147,137,170,48,64,1,1,0,0,0,0,0,0,0,0,0,0,0,0,0,0,23,21,-5,-5,0,0,-28,28,6,4,179,28,42,81,220,297,3296,3048,383,266,3296,3048,3996,3584,383,266,-13,28,0,0,0,0,37,-37,1,1,2,2,0,0,281,281,0,0,0,0,0,0,9,9,0,0,0,0,0,0,3,3,0,0,5,5,0,0,0,0,0,0,0,0,0,0,-5,5,4,0,10,15,0,0,-57,-106,-11,-11,0,0,24,24,67,67,2,1,20,228,94,333,9,7,0,0,0,0,0,0,0,0,19,19,7,7,0,0,22,33,0,0,157,6,-29,-57,0,0
58,b4,r1r3k1/6pp/8/8/1p1PP3/p1P2P2/2R3PP/R5K1 w - - 0 30,-172,172,0,0,2,2,288,288,288,288,4,2,3,1,0,0,0,0,5,3,91,-91,-234,234,64,64,13,13,824,228,0,0,0,0,0,0,11,19,54,50,33,81,0,0,0,0,16,22,0,0,0,0,6,2,0,0,0,0,0,0,1,1,0,0,0,0,14,8,11,6,5,5,32,33,2552,2552,6,3,0,0,1,1,0,0,0,1,1,0,0,0,0,1,3,2,4,152,56,123,8,1,8,9,0,0,-3188,-3392,2800,1270,137,170,48,64,1,1,0,0,0,0,0,0,0,0,0,0,0,0,0,0,23,21,13,13,0,0,28,-28,6,4,179,145,33,81,202,297,3296,3048,383,289,3296,3048,3996,3584,383,289,-13,35,0,0,0,0,37,-37,0,0,2,2,0,0,281,281,0,0,0,0,0,0,9,9,0,0,0,0,0,0,1,3,0,0,5,5,0,0,0,0,0,0,0,0,0,0,-13,13,4,0,10,15,0,0,-57,-106,-11,-11,0,0,76,72,43,106,3,2,15,342,111,516,9,7,0,0,0,0,0,0,0,0,19,19,7,7,0,0,26,37,0,0,179,145,22,81,0,0
59,Rb1,r1r3k1/6pp/8/8/1p1PP3/p1P2P2/2R3PP/1R4K1 b - - 1 30,-54,54,0,0,2,2,288,288,288,288,4,2,3,1,0,0,0,0,5,3,239,-239,-58,58,64,64,13,13,824,228,0,0,0,0,0,0,12,19,54,50,42,81,0,0,0,0,17,22,0,0,0,0,6,2,0,0,0,0,0,0,1,1,0,0,0,0,14,8,11,6,5,5,33,33,2552,2552,6,3,0,0,1,1,0,0,1,1,1,0,0,0,0,0,3,2,4,152,56,60,8,1,8,9,0,0,-3188,-3392,2800,1270,137,170,48,64,1,1,0,0,0,0,0,0,0,0,0,0,0,0,0,0,24,22,13,13,0,0,-28,28,6,4,179,145,42,81,220,297,3296,3048,394,289,3296,3048,3996,3584,394,289,-17,35,0,0,0,0,37,-37,0,0,2,2,0,0,281,281,0,0,0,0,0,0,9,9,0,0,0,0,0,0,1,1,0,0,5,5,0,0,0,0,0,0,0,0,0,0,-13,13,4,0,10,15,0,0,-57,-106,-11,-11,0,0,79,10,89,53,3,2,15,279,111,453,9,7,0,0,0,0,0,0,0,0,19,19,7,7,0,0,26,37,0,0,179,145,22,81,1,1
60,a2,r1r3k1/6pp/8/8/1p1PP3/2P2P2/p1R3PP/1R4K1 w - - 0 31,-194,194,0,0,2,2,288,288,288,288,4,2,3,0,0,0,0,0,5,2,9,-9,-249,249,64,64,13,13,824,228,0,0,0,0,0,0,14,20,54,50,62,88,0,0,0,0,17,23,0,0,0,0,6,2,0,0,0,0,0,0,1,1,0,0,0,0,14,8,11,6,5,5,33,34,2552,2552,6,3,0,1,2,2,0,0,2,1,1,1,0,0,0,0,3,2,4,277,56,85,8,1,8,10,0,0,-3042,-3392,2800,1280,137,170,48,64,1,1,0,0,0,0,0,0,0,0,0,0,0,0,0,0,24,23,13,13,0,0,28,-28,6,4,179,28,62,88,237,303,3296,3048,394,277,3296,3048,3996,3584,394,277,-17,7,0,0,0,0,37,-37,0,0,2,2,0,0,281,281,0,0,0,0,0,0,9,9,0,0,0,0,0,0,2,2,0,0,5,5,0,0,0,0,0,0,0,0,0,0,-13,13,4,0,10,15,0,0,-57,-106,-11,-11,0,0,89,259,142,190,3,2,15,412,111,686,9,7,0,0,0,0,0,0,0,0,19,19,7,7,0,0,25,37,0,0,179,28,22,-6,0,0
61,Ra1,r1r3k1/6pp/8/8/1p1PP3/2P2P2/p1R3PP/R5K1 b - - 1 31,-192,192,0,0,2,2,288,288,288,288,4,2,3,0,0,0,0,0,5,2,189,-189,-207,207,64,64,13,13,824,228,0,0,0,0,0,0,11,19,54,49,33,81,0,0,0,0,15,23,0,0,0,0,6,2,0,0,0,0,0,0,1,1,0,0,0,0,14,8,11,6,5,5,31,34,2552,2552,6,3,0,0,2,1,0,0,1,1,1,0,0,0,0,1,3,2,4,277,56,63,8,1,8,10,0,0,-3042,-3392,2800,1280,137,170,48,64,1,1,0,0,0,0,0,0,0,0,0,0,0,0,0,0,22,22,13,13,0,0,-28,28,6,4,179,28,33,81,202,297,3296,3048,383,277,3296,3048,3996,3584,383,277,-13,7,0,0,0,0,37,-37,0,0,2,2,0,0,281,281,0,0,0,0,0,0,9,9,0,0,0,0,0,0,2,2,0,0,5,5,0,0,0,0,0,0,0,0,0,0,-13,13,4,0,10,15,0,0,-57,-106,-11,-11,0,0,86,65,96,99,3,2,15,390,111,664,9,7,0,0,0,0,0,0,0,0,19,19,7,7,0,0,25,37,0,0,179,28,22,-6,1,1
62,b3,r1r3k1/6pp/8/8/3PP3/1pP2P2/p1R3PP/R5K1 w - - 0 32,-643,643,0,0,2,2,288,288,288,288,4,2,3,1,0,0,0,0,5,3,-327,327,-710,710,64,64,13,13,824,228,0,0,0,0,0,0,9,19,53,49,14,81,0,0,0,0,15,23,0,0,0,0,6,0,0,0,0,0,0,0,1,1,0,0,0,0,12,8,11,6,5,5,31,34,2552,2552,6,4,0,1,0,2,0,0,0,1,0,1,0,0,0,0,3,2,4,317,56,0,8,1,8,11,0,0,-2466,-2996,2800,1976,137,170,48,64,1,1,0,0,0,0,0,0,0,0,0,0,0,0,0,0,22,23,13,13,0,0,28,-28,6,4,179,221,14,81,169,297,3296,3048,383,265,3296,3048,3996,3584,383,265,-13,22,0,0,0,0,37,-37,0,0,2,2,0,0,281,281,0,0,0,0,0,0,9,9,0,0,0,0,0,0,2,3,0,0,5,5,0,0,0,0,0,0,0,0,0,0,-13,13,4,0,10,15,0,0,-57,-106,-11,-11,0,0,14,266,14,197,3,2,15,433,111,746,9,7,0,0,0,0,0,0,0,0,19,19,7,7,0,0,23,37,0,0,179,221,22,187,0,0
63,Rb2,r1r3k1/6pp/8/8/3PP3/1pP2P2/pR4PP/R5K1 b - - 1 32,-536,536,0,0,2,2,288,288,288,288,4,2,3,1,0,0,0,0,5,3,-76,76,-564,564,64,64,13,13,824,228,0,0,0,0,0,0,8,19,53,48,6,81,0,0,0,0,15,23,0,0,0,0,6,0,0,0,0,0,0,0,2,1,0,0,0,0,12,8,11,6,5,5,31,34,2552,2552,5,3,0,0,1,1,0,0,1,1,1,1,0,0,0,0,3,2,4,317,56,0,8,1,8,11,0,0,-2466,-2996,2800,1976,137,170,48,64,1,1,0,0,0,0,0,0,0,0,0,0,0,0,0,0,22,23,13,13,0,0,-28,28,6,4,179,221,6,81,140,297,3296,3048,378,265,3296,3048,3996,3584,378,265,-21,22,0,0,0,0,37,-37,0,0,2,2,0,0,281,281,0,0,0,0,0,0,9,9,0,0,0,0,0,0,1,2,0,0,5,5,0,0,0,0,0,0,0,0,0,0,-13,13,4,0,10,15,0,0,-57,-106,-11,-11,0,0,79,86,89,96,3,2,15,433,111,746,9,7,0,0,0,0,0,0,0,0,38,19,14,7,0,0,23,37,0,0,179,221,22,187,1,1
64,Rxc3,r5k1/6pp/8/8/3PP3/1pr2P2/pR4PP/R5K1 w - - 0 33,-675,675,0,0,2,2,288,288,288,288,4,2,2,1,0,0,0,0,5,3,-303,303,-749,749,64,64,13,13,410,150,0,0,0,0,0,0,8,18,54,50,6,81,0,0,0,0,15,23,0,0,0,0,4,0,0,0,0,0,0,0,2,2,0,0,0,0,11,8,9,6,5,5,29,34,2552,2552,5,4,0,0,1,0,0,0,1,0,0,0,0,0,0,0,2,2,4,317,56,0,6,1,6,11,0,0,-2466,-3392,3184,1976,137,170,48,64,1,1,0,1,0,0,0,0,0,1,0,44,0,0,0,0,17,23,-8,-8,0,1,28,-28,5,4,158,221,6,81,140,292,3172,3048,367,285,3172,3048,3790,3584,367,285,-11,25,0,0,0,0,16,-16,0,0,2,2,0,0,281,281,0,0,0,0,0,0,9,9,0,0,0,0,0,0,4,4,0,0,5,5,0,0,0,0,0,0,0,0,0,0,8,-8,4,2,10,15,0,0,-57,-90,-11,-11,0,0,31,28,74,28,2,2,20,433,94,746,8,7,0,0,0,0,0,0,0,0,38,48,14,29,0,0,23,31,0,0,158,221,17,187,0,0
65,h3,r5k1/6pp/8/8/3PP3/1pr2P1P/pR4P1/R5K1 b - - 0 33,-712,712,0,0,2,2,288,288,288,288,2,2,3,1,0,0,0,0,4,3,-304,304,-728,728,64,64,13,13,410,150,0,0,0,0,0,0,8,18,54,51,6,81,0,0,0,0,15,23,0,0,0,0,4,0,0,0,0,0,0,0,2,2,0,0,0,0,11,8,9,6,5,5,29,34,2552,2552,5,4,0,0,1,0,0,0,1,0,0,0,0,0,0,0,2,2,4,317,56,0,6,1,6,11,0,0,-2466,-3146,3194,1976,137,182,43,64,1,1,0,1,0,0,0,0,0,1,0,44,0,0,0,0,16,23,-8,-8,0,1,-28,28,5,4,159,221,6,81,140,292,3172,3048,350,285,3172,3048,3790,3584,350,285,4,25,0,0,0,0,16,-16,0,0,2,2,0,0,281,281,0,0,0,0,0,0,9,9,0,0,0,0,0,0,4,4,0,0,5,5,0,0,0,0,0,0,0,0,0,0,8,-8,5,2,10,14,0,0,-54,-102,-11,-11,0,0,31,28,74,28,2,2,20,433,94,746,8,7,0,0,0,0,0,0,0,0,38,48,14,29,0,0,23,30,0,0,159,221,23,187,0,0
66,Rac8,2r3k1/6pp/8/8/3PP3/1pr2P1P/pR4P1/R5K1 w - - 1 34,-693,693,0,0,2,2,288,288,288,288,2,2,3,1,0,0,0,0,4,3,-383,383,-769,769,64,64,13,13,410,150,0,0,0,0,0,0,8,19,54,51,6,88,0,0,0,0,15,24,0,0,0,0,4,0,0,0,0,0,0,0,2,4,0,0,0,0,11,8,9,6,5,5,29,35,2552,2552,5,4,0,0,1,0,0,0,1,0,0,0,0,0,0,0,2,2,4,317,56,0,6,1,6,11,0,0,-2466,-3146,3194,1976,137,182,43,64,1,1,0,1,0,0,0,0,0,1,0,44,0,0,0,0,16,20,-8,-8,0,1,28,-28,5,4,159,221,6,88,140,298,3172,3048,350,302,3172,3048,3790,3584,350,302,4,24,0,0,0,0,16,-16,0,0,2,2,0,0,281,281,0,0,0,0,0,0,9,9,0,0,0,0,0,0,2,3,0,0,5,5,0,0,0,0,0,0,0,0,0,0,8,-8,5,2,10,14,0,0,-54,-102,-11,-11,0,0,17,21,60,21,2,2,20,433,94,746,8,7,0,0,0,0,0,0,0,0,38,96,14,58,0,0,23,30,0,0,159,221,23,187,1,1
